tool,official_site,google_search,iconduck_search,seeklogo_search
OpenAI,/httpservice/retry/enablejs?sei=GMkUadjEHKK2vr0P_dSVuQU,https://www.google.com/search?tbm=isch&q=OpenAI%20logo,https://iconduck.com/search?q=OpenAI%20logo,https://seeklogo.com/search?q=OpenAI%20logo
Claude,/httpservice/retry/enablejs?sei=GMkUabfZM_2ivr0PicOMyAU,https://www.google.com/search?tbm=isch&q=Claude%20logo,https://iconduck.com/search?q=Claude%20logo,https://seeklogo.com/search?q=Claude%20logo
Gemini,/httpservice/retry/enablejs?sei=GMkUaY-XO_z31e8P2t_C-Aw,https://www.google.com/search?tbm=isch&q=Gemini%20logo,https://iconduck.com/search?q=Gemini%20logo,https://seeklogo.com/search?q=Gemini%20logo
Cohere,/httpservice/retry/enablejs?sei=GckUaZCxFIvv1e8P-pyKoQY,https://www.google.com/search?tbm=isch&q=Cohere%20logo,https://iconduck.com/search?q=Cohere%20logo,https://seeklogo.com/search?q=Cohere%20logo
Mistral,/httpservice/retry/enablejs?sei=GckUaY3jG7Cpvr0P-4zfuQg,https://www.google.com/search?tbm=isch&q=Mistral%20logo,https://iconduck.com/search?q=Mistral%20logo,https://seeklogo.com/search?q=Mistral%20logo
HuggingFace,/httpservice/retry/enablejs?sei=GckUacm6Ipufvr0P7ZLEiQw,https://www.google.com/search?tbm=isch&q=HuggingFace%20logo,https://iconduck.com/search?q=HuggingFace%20logo,https://seeklogo.com/search?q=HuggingFace%20logo
Perplexity,/httpservice/retry/enablejs?sei=GckUad_MKseGvr0P25fa2QE,https://www.google.com/search?tbm=isch&q=Perplexity%20logo,https://iconduck.com/search?q=Perplexity%20logo,https://seeklogo.com/search?q=Perplexity%20logo
LlamaIndex,/httpservice/retry/enablejs?sei=GckUacioMeTf1e8PnauGKA,https://www.google.com/search?tbm=isch&q=LlamaIndex%20logo,https://iconduck.com/search?q=LlamaIndex%20logo,https://seeklogo.com/search?q=LlamaIndex%20logo
Ollama,/httpservice/retry/enablejs?sei=GckUaYKpOZbc1e8PmK620As,https://www.google.com/search?tbm=isch&q=Ollama%20logo,https://iconduck.com/search?q=Ollama%20logo,https://seeklogo.com/search?q=Ollama%20logo
Flowise,/httpservice/retry/enablejs?sei=GskUafylBM6cvr0PseaC2AQ,https://www.google.com/search?tbm=isch&q=Flowise%20logo,https://iconduck.com/search?q=Flowise%20logo,https://seeklogo.com/search?q=Flowise%20logo
Langflow,/httpservice/retry/enablejs?sei=GskUacSfHPqYvr0Pr-6hmQQ,https://www.google.com/search?tbm=isch&q=Langflow%20logo,https://iconduck.com/search?q=Langflow%20logo,https://seeklogo.com/search?q=Langflow%20logo
Dify,/httpservice/retry/enablejs?sei=GskUaZ7OJOuXvr0Pub_0kQU,https://www.google.com/search?tbm=isch&q=Dify%20logo,https://iconduck.com/search?q=Dify%20logo,https://seeklogo.com/search?q=Dify%20logo
Pipedream,/httpservice/retry/enablejs?sei=GskUabrZLOCD1e8PgLuB-Ao,https://www.google.com/search?tbm=isch&q=Pipedream%20logo,https://iconduck.com/search?q=Pipedream%20logo,https://seeklogo.com/search?q=Pipedream%20logo
n8n,/httpservice/retry/enablejs?sei=G8kUacKfBvXd1e8P8qCgsQI,https://www.google.com/search?tbm=isch&q=n8n%20logo,https://iconduck.com/search?q=n8n%20logo,https://seeklogo.com/search?q=n8n%20logo
Make,/httpservice/retry/enablejs?sei=G8kUae-JDrP41e8P17GJwQM,https://www.google.com/search?tbm=isch&q=Make%20logo,https://iconduck.com/search?q=Make%20logo,https://seeklogo.com/search?q=Make%20logo
Zapier,/httpservice/retry/enablejs?sei=G8kUaYHHFeKgvr0PkrfuyQc,https://www.google.com/search?tbm=isch&q=Zapier%20logo,https://iconduck.com/search?q=Zapier%20logo,https://seeklogo.com/search?q=Zapier%20logo
Apidog,/httpservice/retry/enablejs?sei=G8kUafqCHePD1e8Pvs7Q4Qc,https://www.google.com/search?tbm=isch&q=Apidog%20logo,https://iconduck.com/search?q=Apidog%20logo,https://seeklogo.com/search?q=Apidog%20logo
Postman,/httpservice/retry/enablejs?sei=G8kUafr6I5-f1e8PnaiayAc,https://www.google.com/search?tbm=isch&q=Postman%20logo,https://iconduck.com/search?q=Postman%20logo,https://seeklogo.com/search?q=Postman%20logo
Swagger,/httpservice/retry/enablejs?sei=G8kUabDQK82Pvr0PodSk-Ac,https://www.google.com/search?tbm=isch&q=Swagger%20logo,https://iconduck.com/search?q=Swagger%20logo,https://seeklogo.com/search?q=Swagger%20logo
AWS Lambda,/httpservice/retry/enablejs?sei=G8kUafKHMs6gvr0P7YzgwQ8,https://www.google.com/search?tbm=isch&q=AWS%20Lambda%20logo,https://iconduck.com/search?q=AWS%20Lambda%20logo,https://seeklogo.com/search?q=AWS%20Lambda%20logo
Supabase,/httpservice/retry/enablejs?sei=G8kUab-xOYGSvr0Pkq2CiAg,https://www.google.com/search?tbm=isch&q=Supabase%20logo,https://iconduck.com/search?q=Supabase%20logo,https://seeklogo.com/search?q=Supabase%20logo
Airtable,/httpservice/retry/enablejs?sei=HMkUaaicFuCUvr0P4q2IkAI,https://www.google.com/search?tbm=isch&q=Airtable%20logo,https://iconduck.com/search?q=Airtable%20logo,https://seeklogo.com/search?q=Airtable%20logo
Notion,/httpservice/retry/enablejs?sei=HMkUad3AHdTf1e8PlKuB-Ac,https://www.google.com/search?tbm=isch&q=Notion%20logo,https://iconduck.com/search?q=Notion%20logo,https://seeklogo.com/search?q=Notion%20logo
Retool,/httpservice/retry/enablejs?sei=HMkUabfNJMXm1e8Pwr7I6Q0,https://www.google.com/search?tbm=isch&q=Retool%20logo,https://iconduck.com/search?q=Retool%20logo,https://seeklogo.com/search?q=Retool%20logo
Replit,/httpservice/retry/enablejs?sei=HMkUacbXO5Xg1e8PtsPeqQ4,https://www.google.com/search?tbm=isch&q=Replit%20logo,https://iconduck.com/search?q=Replit%20logo,https://seeklogo.com/search?q=Replit%20logo
Bubble,/httpservice/retry/enablejs?sei=HckUae7pBcnW1e8Pt5mk6Ao,https://www.google.com/search?tbm=isch&q=Bubble%20logo,https://iconduck.com/search?q=Bubble%20logo,https://seeklogo.com/search?q=Bubble%20logo
Softr,/httpservice/retry/enablejs?sei=HckUaZ7eHc67vr0P56CVOA,https://www.google.com/search?tbm=isch&q=Softr%20logo,https://iconduck.com/search?q=Softr%20logo,https://seeklogo.com/search?q=Softr%20logo
Glide,/httpservice/retry/enablejs?sei=HckUaeu8JIK5vr0Pw4bX6Q4,https://www.google.com/search?tbm=isch&q=Glide%20logo,https://iconduck.com/search?q=Glide%20logo,https://seeklogo.com/search?q=Glide%20logo
Webflow,/httpservice/retry/enablejs?sei=HckUaaDqK-Gsvr0Pspna2AE,https://www.google.com/search?tbm=isch&q=Webflow%20logo,https://iconduck.com/search?q=Webflow%20logo,https://seeklogo.com/search?q=Webflow%20logo
Figma,/httpservice/retry/enablejs?sei=HckUabWZM6mcvr0P4Jqz6Ak,https://www.google.com/search?tbm=isch&q=Figma%20logo,https://iconduck.com/search?q=Figma%20logo,https://seeklogo.com/search?q=Figma%20logo
Canva,/httpservice/retry/enablejs?sei=HckUabfKOcKrvr0PvuWCmAw,https://www.google.com/search?tbm=isch&q=Canva%20logo,https://iconduck.com/search?q=Canva%20logo,https://seeklogo.com/search?q=Canva%20logo
Midjourney,/httpservice/retry/enablejs?sei=HskUabr5Ap_a1e8P_8zu4QE,https://www.google.com/search?tbm=isch&q=Midjourney%20logo,https://iconduck.com/search?q=Midjourney%20logo,https://seeklogo.com/search?q=Midjourney%20logo
Runway,/httpservice/retry/enablejs?sei=HskUaa-QC5v31e8PupaGqQY,https://www.google.com/search?tbm=isch&q=Runway%20logo,https://iconduck.com/search?q=Runway%20logo,https://seeklogo.com/search?q=Runway%20logo
Stability AI,/httpservice/retry/enablejs?sei=HskUaYf5EY321e8Pq5ui4AE,https://www.google.com/search?tbm=isch&q=Stability%20AI%20logo,https://iconduck.com/search?q=Stability%20AI%20logo,https://seeklogo.com/search?q=Stability%20AI%20logo
Leonardo,/httpservice/retry/enablejs?sei=HskUacjVGYnS1e8PqqOIiA0,https://www.google.com/search?tbm=isch&q=Leonardo%20logo,https://iconduck.com/search?q=Leonardo%20logo,https://seeklogo.com/search?q=Leonardo%20logo
Jasper,/httpservice/retry/enablejs?sei=HskUab66IdCp1e8Pwr7hqQ0,https://www.google.com/search?tbm=isch&q=Jasper%20logo,https://iconduck.com/search?q=Jasper%20logo,https://seeklogo.com/search?q=Jasper%20logo
Grammarly,/httpservice/retry/enablejs?sei=HskUaaS4KL3Evr0PzZen0QY,https://www.google.com/search?tbm=isch&q=Grammarly%20logo,https://iconduck.com/search?q=Grammarly%20logo,https://seeklogo.com/search?q=Grammarly%20logo
ChatPDF,/httpservice/retry/enablejs?sei=HskUaezwL764vr0Py5vnmQY,https://www.google.com/search?tbm=isch&q=ChatPDF%20logo,https://iconduck.com/search?q=ChatPDF%20logo,https://seeklogo.com/search?q=ChatPDF%20logo
DocGPT,/httpservice/retry/enablejs?sei=HskUabKrNum7vr0P-83VsQo,https://www.google.com/search?tbm=isch&q=DocGPT%20logo,https://iconduck.com/search?q=DocGPT%20logo,https://seeklogo.com/search?q=DocGPT%20logo
Voiceflow,/httpservice/retry/enablejs?sei=H8kUaZ878P3V7w-y14fRBQ,https://www.google.com/search?tbm=isch&q=Voiceflow%20logo,https://iconduck.com/search?q=Voiceflow%20logo,https://seeklogo.com/search?q=Voiceflow%20logo
Retell AI,/httpservice/retry/enablejs?sei=H8kUafT1B-Ki1e8PkKis6AU,https://www.google.com/search?tbm=isch&q=Retell%20AI%20logo,https://iconduck.com/search?q=Retell%20AI%20logo,https://seeklogo.com/search?q=Retell%20AI%20logo
ElevenLabs,/httpservice/retry/enablejs?sei=H8kUab3UD9H61e8P95jUsQE,https://www.google.com/search?tbm=isch&q=ElevenLabs%20logo,https://iconduck.com/search?q=ElevenLabs%20logo,https://seeklogo.com/search?q=ElevenLabs%20logo
Vapi,/httpservice/retry/enablejs?sei=H8kUac-HGOjM1e8Ps46riAU,https://www.google.com/search?tbm=isch&q=Vapi%20logo,https://iconduck.com/search?q=Vapi%20logo,https://seeklogo.com/search?q=Vapi%20logo
Notta,/httpservice/retry/enablejs?sei=H8kUaaXxH5mWvr0Pp7SdwQs,https://www.google.com/search?tbm=isch&q=Notta%20logo,https://iconduck.com/search?q=Notta%20logo,https://seeklogo.com/search?q=Notta%20logo
AssemblyAI,/httpservice/retry/enablejs?sei=H8kUaeS7LrO6vr0Pk_OKwQQ,https://www.google.com/search?tbm=isch&q=AssemblyAI%20logo,https://iconduck.com/search?q=AssemblyAI%20logo,https://seeklogo.com/search?q=AssemblyAI%20logo
Salesforce,/httpservice/retry/enablejs?sei=H8kUaZekNdvn1e8PhY6vkAI,https://www.google.com/search?tbm=isch&q=Salesforce%20logo,https://iconduck.com/search?q=Salesforce%20logo,https://seeklogo.com/search?q=Salesforce%20logo
Monday,/httpservice/retry/enablejs?sei=H8kUaarnPMfT1e8P1reM6QE,https://www.google.com/search?tbm=isch&q=Monday%20logo,https://iconduck.com/search?q=Monday%20logo,https://seeklogo.com/search?q=Monday%20logo
ClickUp,/httpservice/retry/enablejs?sei=IMkUabf4Br-Vvr0Pl92_oQI,https://www.google.com/search?tbm=isch&q=ClickUp%20logo,https://iconduck.com/search?q=ClickUp%20logo,https://seeklogo.com/search?q=ClickUp%20logo
Trello,/httpservice/retry/enablejs?sei=IMkUaeezDraPvr0P-4Ka-Q0,https://www.google.com/search?tbm=isch&q=Trello%20logo,https://iconduck.com/search?q=Trello%20logo,https://seeklogo.com/search?q=Trello%20logo
Linear,/httpservice/retry/enablejs?sei=IMkUacb4FcOLvr0PwJ32qQE,https://www.google.com/search?tbm=isch&q=Linear%20logo,https://iconduck.com/search?q=Linear%20logo,https://seeklogo.com/search?q=Linear%20logo
Jira,/httpservice/retry/enablejs?sei=IMkUadvDHb_j1e8PheSGuQY,https://www.google.com/search?tbm=isch&q=Jira%20logo,https://iconduck.com/search?q=Jira%20logo,https://seeklogo.com/search?q=Jira%20logo
Metabase,/httpservice/retry/enablejs?sei=IMkUaY2FJsDX1e8P-5iR4QU,https://www.google.com/search?tbm=isch&q=Metabase%20logo,https://iconduck.com/search?q=Metabase%20logo,https://seeklogo.com/search?q=Metabase%20logo
Superset,/httpservice/retry/enablejs?sei=IMkUaeCDLsjAvr0Ps-WBiAc,https://www.google.com/search?tbm=isch&q=Superset%20logo,https://iconduck.com/search?q=Superset%20logo,https://seeklogo.com/search?q=Superset%20logo
Hex,/httpservice/retry/enablejs?sei=IMkUab3wNfn41e8P9IWgsAs,https://www.google.com/search?tbm=isch&q=Hex%20logo,https://iconduck.com/search?q=Hex%20logo,https://seeklogo.com/search?q=Hex%20logo
dbdiagram,/httpservice/retry/enablejs?sei=IckUaYs83svV7w_Q7YiwDg,https://www.google.com/search?tbm=isch&q=dbdiagram%20logo,https://iconduck.com/search?q=dbdiagram%20logo,https://seeklogo.com/search?q=dbdiagram%20logo
DataGrip,/httpservice/retry/enablejs?sei=IckUaaTOB63b1e8Pg7mH6QM,https://www.google.com/search?tbm=isch&q=DataGrip%20logo,https://iconduck.com/search?q=DataGrip%20logo,https://seeklogo.com/search?q=DataGrip%20logo
Prisma,/httpservice/retry/enablejs?sei=IckUafDyD6-Qvr0P5ZuDyAw,https://www.google.com/search?tbm=isch&q=Prisma%20logo,https://iconduck.com/search?q=Prisma%20logo,https://seeklogo.com/search?q=Prisma%20logo
Drizzle,/httpservice/retry/enablejs?sei=IckUaZvTF4LF1e8Pl9iB6Ak,https://www.google.com/search?tbm=isch&q=Drizzle%20logo,https://iconduck.com/search?q=Drizzle%20logo,https://seeklogo.com/search?q=Drizzle%20logo
Livekit,/httpservice/retry/enablejs?sei=IckUaZSLH4fq1e8PlJmjkAQ,https://www.google.com/search?tbm=isch&q=Livekit%20logo,https://iconduck.com/search?q=Livekit%20logo,https://seeklogo.com/search?q=Livekit%20logo
Dyad,/httpservice/retry/enablejs?sei=IckUaeHwJdS_vr0Pt5mciA0,https://www.google.com/search?tbm=isch&q=Dyad%20logo,https://iconduck.com/search?q=Dyad%20logo,https://seeklogo.com/search?q=Dyad%20logo
Chainlit,/httpservice/retry/enablejs?sei=IckUaZX0Lba6vr0PhMjskQo,https://www.google.com/search?tbm=isch&q=Chainlit%20logo,https://iconduck.com/search?q=Chainlit%20logo,https://seeklogo.com/search?q=Chainlit%20logo
Gradio,/httpservice/retry/enablejs?sei=IckUaemtNZ23vr0P5rOI0Qo,https://www.google.com/search?tbm=isch&q=Gradio%20logo,https://iconduck.com/search?q=Gradio%20logo,https://seeklogo.com/search?q=Gradio%20logo
HuggingFace Spaces,/httpservice/retry/enablejs?sei=IskUadQDq7u-vQ_MyMLBCw,https://www.google.com/search?tbm=isch&q=HuggingFace%20Spaces%20logo,https://iconduck.com/search?q=HuggingFace%20Spaces%20logo,https://seeklogo.com/search?q=HuggingFace%20Spaces%20logo
Kaggle,/httpservice/retry/enablejs?sei=IskUaYrnB4bT1e8P46jgkAo,https://www.google.com/search?tbm=isch&q=Kaggle%20logo,https://iconduck.com/search?q=Kaggle%20logo,https://seeklogo.com/search?q=Kaggle%20logo
GitHub Copilot,/httpservice/retry/enablejs?sei=IskUaZzFEPPT1e8P1fnAKQ,https://www.google.com/search?tbm=isch&q=GitHub%20Copilot%20logo,https://iconduck.com/search?q=GitHub%20Copilot%20logo,https://seeklogo.com/search?q=GitHub%20Copilot%20logo
